StationID_,Shape_Length,Length_km,InclNHDWB,NumWaterbodyUp,DistNearestUpWb_km,NumWb_1km,NumWb_5km,NumWb_10km,COMID,wbArea_up_SqKM,clanl
2-BGC008.10,1666.060077,1.666060077,,0,,,,,8546543,,
2-BLD012.56,161408.1389,161.4081389,yes,2,9.106119924,0,0,1,8540087,0.194910011,0.080704069
2-BSC001.58,25874.20898,25.87420898,yes,5,2.428016125,0,5,0,8567569,0.096554995,0.005174842
2-BVP010.04,3401.636627,3.401636627,,0,,,,,8607431,,
2-DCH004.68,10754.58231,10.75458231,,0,,,,,8545575,,
2-DCK003.94_2019,5924.270669,5.924270669,,0,,,,,8526555,,
2-DDY000.75_2019,3015.238133,3.015238133,,0,,,,,8538335,,
2-GEN001.75,22093.42501,22.09342501,yes,7,2.986090417,0,4,3,8572901,0.153211031,0.003156204
2-HAM000.37_2020,3589.574886,3.589574886,,0,,,,,8526785,,
2-HAZ006.91,110757.6295,110.7576295,yes,5,0.846798793,1,0,2,8551873,0.278728784,0.022151526
2-JEN003.74,1845.013018,1.845013018,,0,,,,,8549825,,
2-LIJ003.06_2019,372.8320067,0.372832007,,0,,,,,8539107,,
2-LMC001.37,170671.6284,170.6716284,,0,,,,,8523187,,
2-POT038.71,97556.45283,97.55645283,,0,,,,,8525169,,
2-RED003.65_2019,52336.75784,52.33675784,,0,,,,,8549713,,
2-STH015.61,69139.64647,69.13964647,,0,,,,,8539077,,
2-TYE008.77_2019,501200.222,501.200222,yes,4,12.7621735,0,0,0,8546607,0.066340372,0.125300056
2-TYE012.45,466685.0524,466.6850524,yes,3,13.19944103,0,0,0,8546453,0.042143078,0.155561684
2BMBB000.60,3167.438373,3.167438373,,0,,,,,8547273,,
2BXBC000.32,1344.427883,1.344427883,yes,1,1.193883227,0,1,0,8610861,0.014083184,0.001344428
2BXRK001.64_2020,2237.475461,2.237475461,,0,,,,,8545319,,
2BXWC001.75,1860.470907,1.860470907,,0,,,,,8543807,,
