"model","n","p","npar","value","AIC","AICc","logLik","deviance","pseudo.r.squared"
"ssn_wswq_ml1",199,5,5,1393.08489685998,1413.08489685998,1414.25510962593,-696.542448429988,197.700984587284,0.363789211171425
"ssn_wsrpwq_ml1",199,5,5,1397.99731374443,1417.99731374443,1419.16752651038,-698.998656872213,200.928888365891,0.373810744826887
"ssn_catwq_ml1",199,5,5,1398.06718560611,1418.06718560611,1419.23739837207,-699.033592803055,200.36472412861,0.343780399104185
"ssn_catrpwq_ml1",199,5,5,1401.70855416407,1421.70855416407,1422.87876693003,-700.854277082035,200.637328996775,0.332891834273962
